<?xml version="1.0" encoding="UTF-8"?>
<beans xmlns="http://www.springframework.org/schema/beans"
       xmlns:xsi="http://www.w3.org/2001/XMLSchema-instance"
       xsi:schemaLocation="http://www.springframework.org/schema/beans
                           http://www.springframework.org/schema/beans/spring-beans.xsd
                           http://camel.apache.org/schema/spring
                           http://camel.apache.org/schema/spring/camel-spring.xsd">

    <camelContext id="camel" xmlns="http://camel.apache.org/schema/spring">
        <route>
            <from uri="jms:topic:NewsTopic"/>
            <to uri="log:com.assignment?level=INFO&amp;showAll=true"/>
        </route>
    </camelContext>

    <bean id="jms" class="org.apache.camel.component.jms.JmsComponent">
        <property name="connectionFactory">
            <bean class="org.apache.activemq.ActiveMQConnectionFactory">
                <property name="brokerURL" value="tcp://localhost:61616"/>
            </bean>
        </property>
    </bean>
</beans>